[
    {
        "id": "@Mrwhosetheboss",
        "name": "Mrwhosetheboss",
        "subscribers": "16.8M",
        "thumbnail": "https://yt3.googleusercontent.com/enyLBm1Sy8mVRXJJLWHT2z64nqxJGt2g61A9xnxpUjO2YAUovHaY_JT3rnAg0j6Qij9iaHQlAg=s176-c-k-c0x00ffffff-no-rj"
    },
    {
        "id": "@ChessBaseIndiachannel",
        "name": "ChessBase India",
        "subscribers": "1.41M",
        "thumbnail": "https://yt3.googleusercontent.com/ytc/APkrFKZ4eF2W_l8afC6Sa8ujIwb9ZcOUtSG5Rix_H4Uq=s176-c-k-c0x00ffffff-no-rj"
    },
    {
        "id": "@SlayyPointOfficial",
        "name": "Slayy Point",
        "subscribers": "8.14M",
        "thumbnail": "https://yt3.googleusercontent.com/ytc/APkrFKattepq9SbKHkI09O1H5ctalvWfPq9YKP5_mHPULg=s176-c-k-c0x00ffffff-no-rj"
    },
    {
        "id": "@TheActionLab",
        "name": "The Action Lab",
        "subscribers": "4.52M",
        "thumbnail": "https://yt3.googleusercontent.com/ytc/APkrFKbKFGx-ce75t9HvyVB8fdlaBbW3Uo3JIi7xxHnsEQ=s176-c-k-c0x00ffffff-no-rj"
    },
    {
        "id": "@ElectroBOOM",
        "name": "ElectroBOOM",
        "subscribers": "6.11M",
        "thumbnail": "https://yt3.googleusercontent.com/ytc/APkrFKahwFlyQ8kGmzorGSknGoQPgfVjW0MiK88P0May1A=s176-c-k-c0x00ffffff-no-rj"
    },
    {
        "id": "@MrBeast",
        "name": "MrBeast",
        "subscribers": "205M",
        "thumbnail": "https://yt3.googleusercontent.com/ytc/APkrFKbAfC_5NBQ3CM6Lyd2zXUFbC4mym1GCRhmpIwcMXg=s176-c-k-c0x00ffffff-no-rj"
    },
    {
        "id": "@gkcs",
        "name": "Gaurav Sen",
        "subscribers": "532K",
        "thumbnail": "https://yt3.googleusercontent.com/rsKAERVEXNTq6lbdIHUlm3aVAw4R2D1fPkDz-7sPccu9qwic5EYfSe6VI7tNB5-_r0Ip5_P0=s176-c-k-c0x00ffffff-no-rj"
    },
    {
        "id": "@GothamChess",
        "name": "GothamChess",
        "subscribers": "4.32M",
        "thumbnail": "https://yt3.googleusercontent.com/ytc/APkrFKaS7q9fOBRB8MNuI5tkhI9jJuld8pZ9L2Bhs46Vrg=s176-c-k-c0x00ffffff-no-rj"
    }
]