[
  {
    "title": "Bassi Stand Up Comedy (Official Video)",
    "thumbnail": {
      "url": "https://i.ytimg.com/vi/SlPhMPnQ58k/mqdefault.jpg",
      "width": 320,
      "height": 180
    },
    "description": "",
    "channelName": "Maroon 5",
    "views": 70396,
    "uploadedAt": "2 years",
    "id": "DZ6q5X7fAmU",
    "channelId": 0
  },
  {
    "title": "Maroon 5 - Beautiful Mistakes ft. Megan Thee Stallion (Official Music Video)",
    "thumbnail": {
      "url": "https://i.ytimg.com/vi/BSzSn-PRdtI/mqdefault.jpg",
      "width": 320,
      "height": 180
    },
    "description": "",
    "channelName": "Maroon 5",
    "views": 53187,
    "uploadedAt": "3 years",
    "id": "BSzSn-PRdtI",
    "channelId": 1
  },
  {
    "title": "Miley Cyrus - Flowers (Lyrics)",
    "thumbnail": {
      "url": "https://i.ytimg.com/vi/0DA64Frj_To/mqdefault.jpg",
      "width": 320,
      "height": 180
    },
    "description": "",
    "channelName": "Chill Vibe Lyrics ",
    "views": 87956,
    "uploadedAt": "8 years",
    "id": "0DA64Frj_To",
    "channelId": 2
  },
  {
    "title": "Hailee Steinfeld, BloodPop® - Capital Letters",
    "thumbnail": {
      "url": "https://i.ytimg.com/vi/pj6k-EFxqAI/mqdefault.jpg",
      "width": 320,
      "height": 180
    },
    "description": "",
    "channelName": "FiftyShadesVEVO",
    "views": 72430,
    "uploadedAt": "2 years",
    "id": "pj6k-EFxqAI",
    "channelId": 3
  },
  {
    "title": "Marshmello x Jonas Brothers - Leave Before You Love Me (Official Music Video)",
    "thumbnail": {
      "url": "https://i.ytimg.com/vi/hmUyEDG7Jy0/mqdefault.jpg",
      "width": 320,
      "height": 180
    },
    "description": "",
    "channelName": "Marshmello",
    "views": 24879,
    "uploadedAt": "17 days",
    "id": "hmUyEDG7Jy0",
    "channelId": 4
  },
  {
    "title": "Maroon 5 - Memories (Lyrics)",
    "thumbnail": {
      "url": "https://i.ytimg.com/vi/kOoMVwQ4Jtk/mqdefault.jpg",
      "width": 320,
      "height": 180
    },
    "description": "",
    "channelName": "Chillax Beats",
    "views": 69735,
    "uploadedAt": "3 months",
    "id": "kOoMVwQ4Jtk",
    "channelId": 5
  },
  {
    "title": "Maroon 5 - This Love (Official Music Video)",
    "thumbnail": {
      "url": "https://i.ytimg.com/vi/XPpTgCho5ZA/mqdefault.jpg",
      "width": 320,
      "height": 180
    },
    "description": "",
    "channelName": "Maroon 5",
    "views": 23063,
    "uploadedAt": "5 years",
    "id": "XPpTgCho5ZA",
    "channelId": 6
  },
  {
    "title": "Sam Smith, Normani - Dancing With A Stranger (Official Music Video)",
    "thumbnail": {
      "url": "https://i.ytimg.com/vi/av5JD1dfj_c/mqdefault.jpg",
      "width": 320,
      "height": 180
    },
    "description": "",
    "channelName": "SAM SMITH",
    "views": 35160,
    "uploadedAt": "5 years",
    "id": "av5JD1dfj_c",
    "channelId": 7
  },
  {
    "title": "Post Malone - Wrapped Around Your Finger (Official Lyric Video)",
    "thumbnail": {
      "url": "https://i.ytimg.com/vi/JXxAnZaZrG0/mqdefault.jpg",
      "width": 320,
      "height": 180
    },
    "description": "",
    "channelName": "Post Malone",
    "views": 17453,
    "uploadedAt": "9 years",
    "id": "JXxAnZaZrG0",
    "channelId": 8
  },
  {
    "title": "Maroon 5 - What Lovers Do ft. SZA (Official Music Video)",
    "thumbnail": {
      "url": "https://i.ytimg.com/vi/5Wiio4KoGe8/mqdefault.jpg",
      "width": 320,
      "height": 180
    },
    "description": "",
    "channelName": "Maroon 5",
    "views": 9414,
    "uploadedAt": "9 years",
    "id": "5Wiio4KoGe8",
    "channelId": 9
  },
  {
    "title": "OneRepublic - Good Life (Official Music Video)",
    "thumbnail": {
      "url": "https://i.ytimg.com/vi/jZhQOvvV45w/mqdefault.jpg",
      "width": 320,
      "height": 180
    },
    "description": "",
    "channelName": "OneRepublic",
    "views": 11902,
    "uploadedAt": "9 months",
    "id": "jZhQOvvV45w",
    "channelId": 10
  },
  {
    "title": "Maroon 5 - Payphone ft. Wiz Khalifa (Lyric Video)",
    "thumbnail": {
      "url": "https://i.ytimg.com/vi/5FlQSQuv_mg/mqdefault.jpg",
      "width": 320,
      "height": 180
    },
    "description": "",
    "channelName": "Maroon 5",
    "views": 15357,
    "uploadedAt": "3 years",
    "id": "5FlQSQuv_mg",
    "channelId": 11
  },
  {
    "title": "Maroon 5 - Cold ft. Future (Official Music Video)",
    "thumbnail": {
      "url": "https://i.ytimg.com/vi/XatXy6ZhKZw/mqdefault.jpg",
      "width": 320,
      "height": 180
    },
    "description": "",
    "channelName": "Maroon 5",
    "views": 11374,
    "uploadedAt": "6 years",
    "id": "XatXy6ZhKZw",
    "channelId": 12
  },
  {
    "title": "Charlie Puth - \"How Long\" [Official Video]",
    "thumbnail": {
      "url": "https://i.ytimg.com/vi/CwfoyVa980U/mqdefault.jpg",
      "width": 320,
      "height": 180
    },
    "description": "",
    "channelName": "Charlie Puth",
    "views": 66083,
    "uploadedAt": "11 years",
    "id": "CwfoyVa980U",
    "channelId": 13
  },
  {
    "title": "Marshmello & Halsey - Be Kind (Official Music Video)",
    "thumbnail": {
      "url": "https://i.ytimg.com/vi/ePao0cTGG-o/mqdefault.jpg",
      "width": 320,
      "height": 180
    },
    "description": "",
    "channelName": "Marshmello",
    "views": 54714,
    "uploadedAt": "4 years",
    "id": "ePao0cTGG-o",
    "channelId": 14
  },
  {
    "title": "Ed Sheeran - South of the Border (feat. Camila Cabello & Cardi B) [Official Music Video]",
    "thumbnail": {
      "url": "https://i.ytimg.com/vi/UPOT2tgY9QQ/mqdefault.jpg",
      "width": 320,
      "height": 180
    },
    "description": "",
    "channelName": "Ed Sheeran",
    "views": 5299,
    "uploadedAt": "3 years",
    "id": "UPOT2tgY9QQ",
    "channelId": 15
  },
  {
    "title": "Harry Styles - Watermelon Sugar (Official Video)",
    "thumbnail": {
      "url": "https://i.ytimg.com/vi/E07s5ZYygMg/mqdefault.jpg",
      "width": 320,
      "height": 180
    },
    "description": "",
    "channelName": "Harry Styles",
    "views": 23551,
    "uploadedAt": "7 years",
    "id": "E07s5ZYygMg",
    "channelId": 16
  },
  {
    "title": "Maroon 5 - Wait (Official Music Video)",
    "thumbnail": {
      "url": "https://i.ytimg.com/vi/4uTNVumfm84/mqdefault.jpg",
      "width": 320,
      "height": 180
    },
    "description": "",
    "channelName": "Maroon 5",
    "views": 50314,
    "uploadedAt": "2 months",
    "id": "4uTNVumfm84",
    "channelId": 17
  },
  {
    "title": "Maroon 5 - Sunday Morning (Closed Captioned)",
    "thumbnail": {
      "url": "https://i.ytimg.com/vi/S2Cti12XBw4/mqdefault.jpg",
      "width": 320,
      "height": 180
    },
    "description": "",
    "channelName": "Maroon 5",
    "views": 44594,
    "uploadedAt": "1 years",
    "id": "S2Cti12XBw4",
    "channelId": 18
  },
  {
    "title": "Ed Sheeran - Beautiful People (feat. Khalid) [Official Lyric Video]",
    "thumbnail": {
      "url": "https://i.ytimg.com/vi/74yb9E3WY1I/mqdefault.jpg",
      "width": 320,
      "height": 180
    },
    "description": "",
    "channelName": "Ed Sheeran",
    "views": 10077,
    "uploadedAt": "10 years",
    "id": "74yb9E3WY1I",
    "channelId": 19
  }
]
